utterance,focus_type,speaker,onglide_log,onglide
18,narrow,AT_97,NA,NA
19,contrastive,AT_97,0.462397998,1.9
21,contrastive,AT_97,0.664641976,3.62
24,narrow,AT_97,0.416640507,1.61
25,contrastive,AT_97,0.550228353,2.55
26,narrow,AT_97,0.544068044,2.5
27,narrow,AT_97,0.326335861,1.12
28,broad,AT_97,0.31386722,1.06
29,broad,AT_97,-0.178976947,-0.51
31,narrow,AT_97,0.240549248,0.74
32,contrastive,AT_97,0.46686762,1.93
33,narrow,AT_97,0.376576957,1.38
35,broad,AT_97,0.451786436,1.83
36,contrastive,AT_97,-0.033423755,-0.08
37,broad,AT_97,NA,NA
38,broad,AT_97,0.421603927,1.64
41,contrastive,AT_97,0.396199347,1.49
42,contrastive,AT_97,0.31386722,1.06
44,broad,AT_97,-0.209515015,-0.62
46,broad,AT_97,0.354108439,1.26
48,narrow,AT_97,0.320146286,1.09
50,broad,AT_97,-0.389166084,-1.45
52,broad,AT_97,-0.29666519,-0.98
53,contrastive,AT_97,0.474216264,1.98
54,broad,AT_97,0.559906625,2.63
57,contrastive,AT_97,0.611723308,3.09
58,contrastive,AT_97,0.603144373,3.01
60,narrow,AT_97,0.397940009,1.5
62,contrastive,AT_97,0.584331224,2.84
63,narrow,AT_97,0.45331834,1.84
64,contrastive,AT_97,0.472756449,1.97
65,contrastive,AT_97,0.389166084,1.45
66,narrow,AT_97,0.399673721,1.51
68,narrow,AT_97,0.352182518,1.25
69,narrow,AT_97,0.494154594,2.12
70,contrastive,AT_97,0.344392274,1.21
71,broad,AT_97,0.298853076,0.99
72,contrastive,AT_97,0.46686762,1.93
73,narrow,AT_97,0.460897843,1.89
74,contrastive,AT_97,0.423245874,1.65
75,contrastive,AT_97,0.593286067,2.92
76,broad,AT_97,0.305351369,1.02
78,broad,AT_97,0.305351369,1.02
80,contrastive,AT_97,NA,NA
81,broad,AT_97,-0.025305865,-0.06
82,narrow,AT_97,0.509202522,2.23
83,narrow,AT_97,0.53529412,2.43
84,broad,AT_97,0.432969291,1.71
85,narrow,AT_97,0.475671188,1.99
90,contrastive,AT_97,0.716003344,4.2
95,narrow,AT_97,-0.264817823,-0.84
98,broad,AT_97,-0.193124598,-0.56
99,broad,AT_97,0.324282455,1.11
100,narrow,AT_97,0.283301229,0.92
102,broad,AT_97,NA,NA
103,contrastive,AT_97,0.40654018,1.55
104,narrow,AT_97,0.498310554,2.15
105,broad,AT_97,0.426511261,1.67
18,contrastive,AW_97,0.445604203,1.79
19,narrow,AW_97,0.152288344,0.42
20,contrastive,AW_97,0.703291378,4.05
21,narrow,AW_97,0.357934847,1.28
22,broad,AW_97,0.318063335,1.08
25,broad,AW_97,-0.257678575,-0.81
26,narrow,AW_97,0.252853031,0.79
27,broad,AW_97,0.371067862,1.35
30,broad,AW_97,-0.356025857,-1.27
31,narrow,AW_97,0.396199347,1.49
33,narrow,AW_97,0.340444115,1.19
34,broad,AW_97,-0.408239965,-1.56
35,narrow,AW_97,0.167317335,0.47
36,narrow,AW_97,0.517195898,2.29
37,broad,AW_97,-0.396199347,-1.49
38,narrow,AW_97,0.278753601,0.9
39,broad,AW_97,-0.387389826,-1.44
40,broad,AW_97,-0.252853031,-0.79
42,contrastive,AW_97,0.558708571,2.62
44,narrow,AW_97,0.615950052,3.13
45,broad,AW_97,-0.209515015,-0.62
46,contrastive,AW_97,0.501059262,2.17
47,narrow,AW_97,0.649334859,3.46
48,contrastive,AW_97,0.568201724,2.7
50,narrow,AW_97,0.403120521,1.53
51,narrow,AW_97,NA,NA
52,broad,AW_97,0.372912003,1.36
53,narrow,AW_97,-0.503790683,-2.19
54,broad,AW_97,0.51851394,2.3
55,broad,AW_97,0.572871602,2.74
58,contrastive,AW_97,0.378397901,1.39
60,narrow,AW_97,0.348304863,1.23
61,broad,AW_97,-0.301029996,-1
62,narrow,AW_97,0.372912003,1.36
65,broad,AW_97,-0.283301229,-0.92
66,contrastive,AW_97,0.514547753,2.27
67,narrow,AW_97,0.344392274,1.21
68,contrastive,AW_97,0.558708571,2.62
70,contrastive,AW_97,0.58546073,2.85
71,broad,AW_97,-0.271841607,-0.87
72,contrastive,AW_97,0.660865478,3.58
73,contrastive,AW_97,0.614897216,3.12
74,broad,AW_97,-0.619093331,-3.16
76,contrastive,AW_97,0.404833717,1.54
79,contrastive,AW_97,0.371067862,1.35
80,contrastive,AW_97,0.767155866,4.85
82,narrow,AW_97,0.506505032,2.21
83,contrastive,AW_97,0.503790683,2.19
84,broad,AW_97,-0.460897843,-1.89
85,contrastive,AW_97,0.53529412,2.43
86,broad,AW_97,-0.204119983,-0.6
88,contrastive,AW_97,0.673020907,3.71
89,contrastive,AW_97,0.482873584,2.04
91,broad,AW_97,-0.281033367,-0.91
93,contrastive,AW_97,0.496929648,2.14
94,narrow,AW_97,0.451786436,1.83
95,narrow,AW_97,0.408239965,1.56
96,broad,AW_97,-0.562292864,-2.65
97,contrastive,AW_97,0.389166084,1.45
98,narrow,AW_97,0.474216264,1.98
18,narrow,CH_97,0.243038049,0.75
20,narrow,CH_97,0.36361198,1.31
21,narrow,CH_97,0.53529412,2.43
22,broad,CH_97,0.509202522,2.23
26,narrow,CH_97,0.613841822,3.11
27,broad,CH_97,0.392696953,1.47
28,contrastive,CH_97,0.677606953,3.76
29,contrastive,CH_97,0.589949601,2.89
31,broad,CH_97,0.600972896,2.99
32,contrastive,CH_97,0.746634199,4.58
33,narrow,CH_97,0.617000341,3.14
34,broad,CH_97,0.487138375,2.07
35,narrow,CH_97,0.6599162,3.57
37,narrow,CH_97,0.663700925,3.61
40,contrastive,CH_97,0.631443769,3.28
41,broad,CH_97,0.100370545,0.26
46,broad,CH_97,0.418301291,1.62
48,broad,CH_97,0.477121255,2
49,contrastive,CH_97,0.761927838,4.78
50,broad,CH_97,0.240549248,0.74
51,contrastive,CH_97,0.672097858,3.7
53,narrow,CH_97,0.787460475,5.13
55,narrow,CH_97,0.720159303,4.25
56,contrastive,CH_97,0.562292864,2.65
57,contrastive,CH_97,0.746634199,4.58
58,broad,CH_97,0.209515015,0.62
59,contrastive,CH_97,0.697229343,3.98
60,narrow,CH_97,0.64246452,3.39
62,narrow,CH_97,0.72916479,4.36
63,broad,CH_97,0.482873584,2.04
64,contrastive,CH_97,0.641474111,3.38
65,contrastive,CH_97,0.711807229,4.15
67,contrastive,CH_97,0.799340549,5.3
68,narrow,CH_97,0.697229343,3.98
69,narrow,CH_97,0.705007959,4.07
71,contrastive,CH_97,0.696356389,3.97
72,broad,CH_97,0.487138375,2.07
73,narrow,CH_97,0.768638101,4.87
74,broad,CH_97,0.437750563,1.74
76,broad,CH_97,0.660865478,3.58
78,narrow,CH_97,0.760422483,4.76
79,contrastive,CH_97,0.681241237,3.8
80,narrow,CH_97,0.745855195,4.57
81,contrastive,CH_97,0.719331287,4.24
82,contrastive,CH_97,0.593286067,2.92
83,narrow,CH_97,0.675778342,3.74
85,contrastive,CH_97,0.790285164,5.17
87,broad,CH_97,0.426511261,1.67
88,narrow,CH_97,0.79518459,5.24
90,broad,CH_97,0.431363764,1.7
91,narrow,CH_97,0.81756537,5.57
92,contrastive,CH_97,0.698100546,3.99
93,broad,CH_97,0.482873584,2.04
95,contrastive,CH_97,0.781036939,5.04
96,broad,CH_97,0.784617293,5.09
98,broad,CH_97,0.480006943,2.02
99,contrastive,CH_97,0.793790385,5.22
102,broad,CH_97,0.478566496,2.01
103,narrow,CH_97,0.46834733,1.94
18,contrastive,CS_94,-0.703291378,-4.05
20,contrastive,CS_94,0.075546961,0.19
22,narrow,CS_94,-0.824776462,-5.68
23,broad,CS_94,-0.625312451,-3.22
24,narrow,CS_94,-0.604226053,-3.02
25,contrastive,CS_94,-0.755112266,-4.69
26,broad,CS_94,-0.750508395,-4.63
27,narrow,CS_94,-0.607455023,-3.05
28,narrow,CS_94,-0.774516966,-4.95
29,contrastive,CS_94,-0.923761961,-7.39
30,contrastive,CS_94,-0.700703717,-4.02
32,broad,CS_94,-0.681241237,-3.8
34,broad,CS_94,-0.822821645,-5.65
35,contrastive,CS_94,-0.671172843,-3.69
36,contrastive,CS_94,-0.507855872,-2.22
38,broad,CS_94,-0.746634199,-4.58
39,broad,CS_94,-0.480006943,-2.02
42,contrastive,CS_94,-0.607455023,-3.05
43,narrow,CS_94,-0.588831726,-2.88
44,contrastive,CS_94,-0.574031268,-2.75
45,narrow,CS_94,-0.945960704,-7.83
46,contrastive,CS_94,0.176091259,0.5
47,narrow,CS_94,-0.546542663,-2.52
49,narrow,CS_94,-0.907948522,-7.09
50,contrastive,CS_94,NA,NA
52,broad,CS_94,-0.826074803,-5.7
53,narrow,CS_94,-0.707570176,-4.1
54,narrow,CS_94,-0.658964843,-3.56
56,contrastive,CS_94,-0.615950052,-3.13
57,broad,CS_94,-0.397940009,-1.5
59,narrow,CS_94,-0.711807229,-4.15
60,broad,CS_94,-0.831869774,-5.79
61,narrow,CS_94,-0.758154622,-4.73
63,broad,CS_94,-0.824776462,-5.68
64,narrow,CS_94,-0.62838893,-3.25
65,broad,CS_94,-0.421603927,-1.64
66,contrastive,CS_94,-0.678518379,-3.77
68,contrastive,CS_94,-0.693726949,-3.94
69,broad,CS_94,-0.82672252,-5.71
70,contrastive,CS_94,-0.723455672,-4.29
71,broad,CS_94,-0.814247596,-5.52
72,contrastive,CS_94,-0.553883027,-2.58
73,narrow,CS_94,-0.574031268,-2.75
74,narrow,CS_94,-0.899273187,-6.93
75,contrastive,CS_94,-0.772321707,-4.92
76,narrow,CS_94,-0.95230801,-7.96
78,narrow,CS_94,-0.876217841,-6.52
79,broad,CS_94,-0.614897216,-3.12
80,contrastive,CS_94,-0.831869774,-5.79
81,broad,CS_94,-0.640481437,-3.37
82,narrow,CS_94,-0.811575006,-5.48
83,broad,CS_94,-0.648360011,-3.45
84,broad,CS_94,-0.742725131,-4.53
86,narrow,CS_94,-0.706717782,-4.09
87,broad,CS_94,-0.86332286,-6.3
89,broad,CS_94,-0.698970004,-4
91,contrastive,CS_94,-0.6599162,-3.57
94,contrastive,CS_94,-0.749736316,-4.62
96,narrow,CS_94,-0.802773725,-5.35
97,broad,CS_94,-0.822821645,-5.65
19,narrow,FK_92,-0.380211242,-1.4
20,contrastive,FK_92,-0.283301229,-0.92
21,contrastive,FK_92,-0.431363764,-1.7
23,broad,FK_92,0.480006943,2.02
24,narrow,FK_92,0.127104798,0.34
25,broad,FK_92,-0.44870632,-1.81
26,narrow,FK_92,-0.674861141,-3.73
28,contrastive,FK_92,0.397940009,1.5
29,narrow,FK_92,0.376576957,1.38
30,contrastive,FK_92,-0.485721426,-2.06
31,narrow,FK_92,0.380211242,1.4
32,broad,FK_92,0.307496038,1.03
33,contrastive,FK_92,-0.447158031,-1.8
34,broad,FK_92,-0.636487896,-3.33
37,broad,FK_92,-0.214843848,-0.64
38,contrastive,FK_92,-0.532754379,-2.41
39,narrow,FK_92,-0.489958479,-2.09
40,broad,FK_92,0.227886705,0.69
42,narrow,FK_92,-0.599883072,-2.98
43,broad,FK_92,-0.656098202,-3.53
44,narrow,FK_92,-0.424881637,-1.66
46,broad,FK_92,0.348304863,1.23
47,contrastive,FK_92,-0.450249108,-1.82
49,broad,FK_92,-0.641474111,-3.38
50,narrow,FK_92,0.416640507,1.61
52,contrastive,FK_92,0.283301229,0.92
53,broad,FK_92,-0.592176757,-2.91
54,contrastive,FK_92,0.336459734,1.17
56,contrastive,FK_92,0.283301229,0.92
57,contrastive,FK_92,-0.556302501,-2.6
58,broad,FK_92,0.442479769,1.77
61,contrastive,FK_92,NA,NA
62,contrastive,FK_92,0.440909082,1.76
63,broad,FK_92,-0.260071388,-0.82
64,contrastive,FK_92,0.46686762,1.93
65,broad,FK_92,-0.532754379,-2.41
66,contrastive,FK_92,0.350248018,1.24
68,narrow,FK_92,0.491361694,2.1
69,broad,FK_92,0.413299764,1.59
71,narrow,FK_92,-0.437750563,-1.74
72,broad,FK_92,-0.068185862,-0.17
74,broad,FK_92,NA,NA
75,narrow,FK_92,0.338456494,1.18
76,narrow,FK_92,0.403120521,1.53
77,contrastive,FK_92,0.315970345,1.07
79,contrastive,FK_92,0.46686762,1.93
80,narrow,FK_92,-0.26245109,-0.83
82,narrow,FK_92,0.222716471,0.67
83,contrastive,FK_92,-0.559906625,-2.63
84,narrow,FK_92,0.264817823,0.84
87,broad,FK_92,0.36361198,1.31
88,contrastive,FK_92,0.26245109,0.83
90,contrastive,FK_92,0.324282455,1.11
91,broad,FK_92,0.336459734,1.17
92,narrow,FK_92,-0.281033367,-0.91
93,narrow,FK_92,0.220108088,0.66
95,broad,FK_92,0.11058971,0.29
96,narrow,FK_92,0.561101384,2.64
97,broad,FK_92,-0.318063335,-1.08
98,narrow,FK_92,-0.278753601,-0.9
18,broad,HG_95,-0.230448921,-0.7
21,broad,HG_95,-0.26245109,-0.83
22,narrow,HG_95,-0.283301229,-0.92
23,narrow,HG_95,0.033423755,0.08
24,broad,HG_95,-0.382017043,-1.41
27,contrastive,HG_95,0.729974286,4.37
28,contrastive,HG_95,0.645422269,3.42
31,broad,HG_95,-0.563481085,-2.66
32,broad,HG_95,-0.489958479,-2.09
33,contrastive,HG_95,0.767155866,4.85
34,narrow,HG_95,0.611723308,3.09
37,contrastive,HG_95,0.720985744,4.26
39,contrastive,HG_95,0.657055853,3.54
41,broad,HG_95,-0.51054501,-2.24
42,broad,HG_95,-0.318063335,-1.08
43,narrow,HG_95,0.673941999,3.72
44,contrastive,HG_95,0.684845362,3.84
45,broad,HG_95,-0.307496038,-1.03
46,narrow,HG_95,0.686636269,3.86
47,contrastive,HG_95,0.764176132,4.81
48,narrow,HG_95,0.721810615,4.27
50,narrow,HG_95,-0.305351369,-1.02
51,contrastive,HG_95,0.673020907,3.71
53,broad,HG_95,-0.474216264,-1.98
54,narrow,HG_95,-0.235528447,-0.72
55,narrow,HG_95,0.860936621,6.26
57,broad,HG_95,-0.28780173,-0.94
58,broad,HG_95,-0.350248018,-1.24
60,contrastive,HG_95,0.855519156,6.17
62,contrastive,HG_95,0.743509765,4.54
63,broad,HG_95,-0.426511261,-1.67
65,narrow,HG_95,0.906873535,7.07
67,narrow,HG_95,0.752048448,4.65
68,contrastive,HG_95,0.782472624,5.06
69,contrastive,HG_95,0.910624405,7.14
70,broad,HG_95,-0.51851394,-2.3
72,narrow,HG_95,-0.278753601,-0.9
73,contrastive,HG_95,0.87909588,6.57
74,broad,HG_95,-0.399673721,-1.51
79,contrastive,HG_95,0.733999287,4.42
80,narrow,HG_95,0.902546779,6.99
81,contrastive,HG_95,0.882524538,6.63
83,broad,HG_95,-0.612783857,-3.1
84,contrastive,HG_95,0.898725182,6.92
86,narrow,HG_95,0.745855195,4.57
87,broad,HG_95,-0.541579244,-2.48
88,narrow,HG_95,0.879669206,6.58
89,narrow,HG_95,0.81756537,5.57
91,narrow,HG_95,0.751279104,4.64
93,broad,HG_95,-0.465382851,-1.92
94,contrastive,HG_95,0.848189117,6.05
95,broad,HG_95,-0.597695186,-2.96
96,contrastive,HG_95,0.799340549,5.3
97,broad,HG_95,-0.580924976,-2.81
98,narrow,HG_95,0.40654018,1.55
99,broad,HG_95,0.267171728,0.85
100,narrow,HG_95,0.822821645,5.65
101,contrastive,HG_95,0.804139432,5.37
103,narrow,HG_95,0.663700925,3.61
104,contrastive,HG_95,0.781755375,5.05
19,narrow,JP_96,0.374748346,1.37
20,narrow,JP_96,0.584331224,2.84
21,contrastive,JP_96,0.404833717,1.54
22,narrow,JP_96,0.230448921,0.7
23,contrastive,JP_96,0.459392488,1.88
25,narrow,JP_96,0.506505032,2.21
26,contrastive,JP_96,0.536558443,2.44
27,broad,JP_96,-0.645422269,-3.42
28,contrastive,JP_96,0.522444234,2.33
29,narrow,JP_96,0.404833717,1.54
30,contrastive,JP_96,0.303196057,1.01
31,narrow,JP_96,0.322219295,1.1
32,narrow,JP_96,0.503790683,2.19
33,broad,JP_96,0.480006943,2.02
35,contrastive,JP_96,0.537819095,2.45
36,contrastive,JP_96,0.214843848,0.64
38,narrow,JP_96,-0.484299839,-2.05
39,broad,JP_96,0.385606274,1.43
41,contrastive,JP_96,0.45331834,1.84
43,broad,JP_96,0.496929648,2.14
45,narrow,JP_96,-0.759667845,-4.75
46,broad,JP_96,-0.57863921,-2.79
48,narrow,JP_96,0.451786436,1.83
49,contrastive,JP_96,-0.383815366,-1.42
52,broad,JP_96,-0.501059262,-2.17
53,narrow,JP_96,0.320146286,1.09
55,contrastive,JP_96,-0.394451681,-1.48
56,broad,JP_96,0.480006943,2.02
58,narrow,JP_96,0.471291711,1.96
60,contrastive,JP_96,-0.374748346,-1.37
61,broad,JP_96,0.396199347,1.49
62,narrow,JP_96,-0.503790683,-2.19
63,broad,JP_96,-0.465382851,-1.92
65,contrastive,JP_96,-0.354108439,-1.26
67,narrow,JP_96,-0.462397998,-1.9
68,broad,JP_96,-0.434568904,-1.72
70,broad,JP_96,-0.589949601,-2.89
71,contrastive,JP_96,-0.562292864,-2.65
73,contrastive,JP_96,0.235528447,0.72
74,narrow,JP_96,-0.571708832,-2.73
75,broad,JP_96,-0.627365857,-3.24
76,contrastive,JP_96,-0.584331224,-2.84
77,broad,JP_96,-0.745855195,-4.57
78,contrastive,JP_96,-0.477121255,-2
79,narrow,JP_96,-0.668385917,-3.66
80,broad,JP_96,-0.587710965,-2.87
82,broad,JP_96,0.328379603,1.13
83,narrow,JP_96,-0.521138084,-2.32
84,broad,JP_96,-0.606381365,-3.04
85,broad,JP_96,-0.511883361,-2.25
88,contrastive,JP_96,-0.489958479,-2.09
90,narrow,JP_96,-0.342422681,-1.2
91,contrastive,JP_96,0.326335861,1.12
92,contrastive,JP_96,0.459392488,1.88
93,broad,JP_96,-0.606381365,-3.04
94,narrow,JP_96,-0.545307116,-2.51
95,broad,JP_96,-0.580924976,-2.81
96,broad,JP_96,-0.496929648,-2.14
98,contrastive,JP_96,0.301029996,1
99,narrow,JP_96,-0.602059991,-3
22,broad,JZ_98,0.184691431,0.53
24,broad,JZ_98,0.152288344,0.42
25,narrow,JZ_98,0.274157849,0.88
27,broad,JZ_98,0.225309282,0.68
29,contrastive,JZ_98,0.257678575,0.81
30,narrow,JZ_98,0.201397124,0.59
31,narrow,JZ_98,0.206825876,0.61
32,broad,JZ_98,0.255272505,0.8
33,contrastive,JZ_98,0.06069784,0.15
34,contrastive,JZ_98,0.152288344,0.42
36,broad,JZ_98,0.267171728,0.85
38,narrow,JZ_98,NA,NA
40,narrow,JZ_98,0.113943352,0.3
41,contrastive,JZ_98,0.214843848,0.64
43,broad,JZ_98,0.212187604,0.63
44,narrow,JZ_98,0.230448921,0.7
45,contrastive,JZ_98,0.250420002,0.78
46,broad,JZ_98,0.340444115,1.19
47,broad,JZ_98,NA,NA
49,contrastive,JZ_98,0.204119983,0.6
50,broad,JZ_98,0.139879086,0.38
53,narrow,JZ_98,0.303196057,1.01
56,contrastive,JZ_98,0.123851641,0.33
58,narrow,JZ_98,0.204119983,0.6
59,broad,JZ_98,0.250420002,0.78
60,narrow,JZ_98,0.340444115,1.19
61,broad,JZ_98,0.545307116,2.51
62,narrow,JZ_98,NA,NA
63,contrastive,JZ_98,0.187520721,0.54
64,broad,JZ_98,0.127104798,0.34
66,contrastive,JZ_98,0.227886705,0.69
67,broad,JZ_98,0.193124598,0.56
68,contrastive,JZ_98,0.206825876,0.61
69,narrow,JZ_98,0.181843588,0.52
71,narrow,JZ_98,0.173186268,0.49
72,narrow,JZ_98,0.206825876,0.61
73,contrastive,JZ_98,0.267171728,0.85
75,contrastive,JZ_98,NA,NA
76,broad,JZ_98,NA,NA
77,contrastive,JZ_98,NA,NA
78,narrow,JZ_98,0.421603927,1.64
79,contrastive,JZ_98,0.146128036,0.4
80,narrow,JZ_98,0.167317335,0.47
81,contrastive,JZ_98,NA,NA
82,narrow,JZ_98,0.209515015,0.62
83,narrow,JZ_98,0.252853031,0.79
84,contrastive,JZ_98,0.290034611,0.95
85,broad,JZ_98,0.127104798,0.34
87,narrow,JZ_98,0.136720567,0.37
88,broad,JZ_98,0.103803721,0.27
89,narrow,JZ_98,0.178976947,0.51
90,broad,JZ_98,0.260071388,0.82
91,narrow,JZ_98,NA,NA
92,broad,JZ_98,0.235528447,0.72
93,contrastive,JZ_98,0.204119983,0.6
94,contrastive,JZ_98,0.193124598,0.56
96,contrastive,JZ_98,0.320146286,1.09
97,broad,JZ_98,NA,NA
99,broad,JZ_98,0.079181246,0.2
18,broad,LV_98,0.217483944,0.65
19,broad,LV_98,0.320146286,1.09
20,contrastive,LV_98,0.527629901,2.37
23,broad,LV_98,0.499687083,2.16
25,contrastive,LV_98,0.494154594,2.12
26,contrastive,LV_98,0.686636269,3.86
27,broad,LV_98,0.409933123,1.57
28,contrastive,LV_98,0.255272505,0.8
30,broad,LV_98,0.173186268,0.49
31,broad,LV_98,0.474216264,1.98
32,narrow,LV_98,0.408239965,1.56
34,contrastive,LV_98,0.522444234,2.33
35,broad,LV_98,0.40654018,1.55
36,contrastive,LV_98,0.746634199,4.58
37,broad,LV_98,0.209515015,0.62
38,narrow,LV_98,0.624282096,3.21
39,contrastive,LV_98,0.658011397,3.55
40,narrow,LV_98,0.276461804,0.89
41,broad,LV_98,0.350248018,1.24
42,contrastive,LV_98,0.685741739,3.85
43,narrow,LV_98,0.173186268,0.49
45,narrow,LV_98,0.751279104,4.64
47,narrow,LV_98,0.641474111,3.38
48,narrow,LV_98,0.357934847,1.28
50,contrastive,LV_98,0.579783597,2.8
51,broad,LV_98,0.136720567,0.37
53,broad,LV_98,0.28780173,0.94
56,contrastive,LV_98,0.706717782,4.09
57,contrastive,LV_98,0.686636269,3.86
58,narrow,LV_98,0.324282455,1.11
59,broad,LV_98,0.434568904,1.72
61,broad,LV_98,-0.728353782,-4.35
62,contrastive,LV_98,0.696356389,3.97
65,contrastive,LV_98,0.888179494,6.73
66,narrow,LV_98,0.276461804,0.89
67,broad,LV_98,-0.274157849,-0.88
68,contrastive,LV_98,0.639486489,3.36
70,narrow,LV_98,0.51851394,2.3
72,narrow,LV_98,0.536558443,2.44
73,narrow,LV_98,0.392696953,1.47
74,broad,LV_98,-0.489958479,-2.09
75,narrow,LV_98,0.506505032,2.21
76,contrastive,LV_98,0.651278014,3.48
78,narrow,LV_98,0.187520721,0.54
80,contrastive,LV_98,0.683947131,3.83
81,narrow,LV_98,0.394451681,1.48
82,narrow,LV_98,0.36361198,1.31
83,contrastive,LV_98,0.64738297,3.44
84,contrastive,LV_98,0.879669206,6.58
85,broad,LV_98,-0.561101384,-2.64
86,broad,LV_98,-0.598790507,-2.97
87,narrow,LV_98,0.574031268,2.75
89,narrow,LV_98,-0.514547753,-2.27
90,contrastive,LV_98,0.788875116,5.15
92,narrow,LV_98,0.712649702,4.16
93,broad,LV_98,0.523746467,2.34
94,narrow,LV_98,0.436162647,1.73
96,broad,LV_98,0.463892989,1.91
98,broad,LV_98,0.348304863,1.23
99,contrastive,LV_98,0.818225894,5.58
19,contrastive,MG_96,0.599883072,2.98
20,narrow,MG_96,0.075546961,0.19
21,contrastive,MG_96,0.620136055,3.17
22,narrow,MG_96,0.5132176,2.26
23,contrastive,MG_96,0.440909082,1.76
24,narrow,MG_96,0.574031268,2.75
25,contrastive,MG_96,0.56937391,2.71
26,contrastive,MG_96,0.666517981,3.64
28,contrastive,MG_96,0.57863921,2.79
29,narrow,MG_96,0.567026366,2.69
31,broad,MG_96,-0.250420002,-0.78
32,narrow,MG_96,-0.730782276,-4.38
33,broad,MG_96,-0.559906625,-2.63
34,contrastive,MG_96,0.6599162,3.57
36,broad,MG_96,-0.418301291,-1.62
37,contrastive,MG_96,0.575187845,2.76
40,broad,MG_96,-0.598790507,-2.97
41,narrow,MG_96,0.526339277,2.36
42,broad,MG_96,0.385606274,1.43
43,narrow,MG_96,0.592176757,2.91
45,broad,MG_96,-0.593286067,-2.92
46,contrastive,MG_96,0.716837723,4.21
49,broad,MG_96,-0.595496222,-2.94
50,narrow,MG_96,0.53529412,2.43
51,narrow,MG_96,-0.57863921,-2.79
52,broad,MG_96,-0.301029996,-1
54,narrow,MG_96,-0.550228353,-2.55
55,narrow,MG_96,0.503790683,2.19
57,broad,MG_96,-0.728353782,-4.35
59,broad,MG_96,-0.555094449,-2.59
60,contrastive,MG_96,0.716837723,4.21
61,narrow,MG_96,-0.571708832,-2.73
62,broad,MG_96,-0.588831726,-2.88
63,contrastive,MG_96,0.686636269,3.86
64,broad,MG_96,-0.44870632,-1.81
65,broad,MG_96,0.5774918,2.78
67,contrastive,MG_96,0.318063335,1.08
68,narrow,MG_96,0.610660163,3.08
70,broad,MG_96,-0.354108439,-1.26
71,narrow,MG_96,0.527629901,2.37
72,contrastive,MG_96,0.635483747,3.32
73,narrow,MG_96,0.403120521,1.53
74,contrastive,MG_96,0.462397998,1.9
75,broad,MG_96,-0.633468456,-3.3
76,narrow,MG_96,NA,NA
77,narrow,MG_96,0.394451681,1.48
78,contrastive,MG_96,0.632457292,3.29
80,broad,MG_96,0.155336037,0.43
81,broad,MG_96,0.123851641,0.33
84,narrow,MG_96,-0.558708571,-2.62
85,contrastive,MG_96,0.539076099,2.46
87,broad,MG_96,-0.444044796,-1.78
88,narrow,MG_96,0.201397124,0.59
89,contrastive,MG_96,0.6599162,3.57
90,broad,MG_96,-0.638489257,-3.35
91,contrastive,MG_96,0.532754379,2.41
92,narrow,MG_96,0.371067862,1.35
93,contrastive,MG_96,0.629409599,3.26
94,contrastive,MG_96,0.631443769,3.28
97,broad,MG_96,-0.686636269,-3.86
19,broad,NP_97,-0.456366033,-1.86
21,contrastive,NP_97,0.378397901,1.39
22,narrow,NP_97,0.336459734,1.17
23,contrastive,NP_97,-0.397940009,-1.5
24,contrastive,NP_97,0.283301229,0.92
25,narrow,NP_97,-0.450249108,-1.82
26,broad,NP_97,-0.285557309,-0.93
27,contrastive,NP_97,0.390935107,1.46
29,broad,NP_97,-0.439332694,-1.75
30,narrow,NP_97,0.394451681,1.48
33,narrow,NP_97,0.51054501,2.24
34,contrastive,NP_97,-0.133538908,-0.36
35,broad,NP_97,0.396199347,1.49
36,narrow,NP_97,0.190331698,0.55
37,contrastive,NP_97,0.31386722,1.06
43,narrow,NP_97,0.401400541,1.52
44,contrastive,NP_97,0.113943352,0.3
46,broad,NP_97,NA,NA
47,narrow,NP_97,NA,NA
48,broad,NP_97,0.320146286,1.09
49,narrow,NP_97,0.267171728,0.85
50,broad,NP_97,NA,NA
51,contrastive,NP_97,NA,NA
54,narrow,NP_97,0.408239965,1.56
56,narrow,NP_97,0.225309282,0.68
58,contrastive,NP_97,0.423245874,1.65
59,contrastive,NP_97,0.334453751,1.16
60,broad,NP_97,0.206825876,0.61
63,broad,NP_97,-0.324282455,-1.11
64,contrastive,NP_97,0.457881897,1.87
65,narrow,NP_97,0.365487985,1.32
66,contrastive,NP_97,-0.238046103,-0.73
67,broad,NP_97,-0.392696953,-1.47
68,broad,NP_97,0.334453751,1.16
70,broad,NP_97,0.23299611,0.71
71,narrow,NP_97,-0.460897843,-1.89
73,broad,NP_97,-0.445604203,-1.79
75,narrow,NP_97,0.397940009,1.5
76,narrow,NP_97,0.170261715,0.48
79,contrastive,NP_97,NA,NA
80,broad,NP_97,-0.539076099,-2.46
81,broad,NP_97,0.285557309,0.93
83,broad,NP_97,-0.436162647,-1.73
84,contrastive,NP_97,0.334453751,1.16
85,contrastive,NP_97,-0.436162647,-1.73
86,broad,NP_97,-0.44870632,-1.81
87,contrastive,NP_97,0.385606274,1.43
88,broad,NP_97,-0.344392274,-1.21
89,narrow,NP_97,-0.283301229,-0.92
91,narrow,NP_97,-0.404833717,-1.54
92,broad,NP_97,-0.515873844,-2.28
94,narrow,NP_97,0.376576957,1.38
95,broad,NP_97,NA,NA
96,contrastive,NP_97,NA,NA
97,narrow,NP_97,-0.385606274,-1.43
99,contrastive,NP_97,0.359835482,1.29
100,contrastive,NP_97,0.346352974,1.22
101,narrow,NP_97,0.298853076,0.99
103,narrow,NP_97,NA,NA
104,contrastive,NP_97,NA,NA
20,contrastive,NS_82,0.904715545,7.03
21,narrow,NS_82,0.753583059,4.67
24,narrow,NS_82,0.759667845,4.75
25,contrastive,NS_82,0.931966115,7.55
26,broad,NS_82,-0.547774705,-2.53
27,contrastive,NS_82,0.838219222,5.89
28,narrow,NS_82,0.758154622,4.73
30,contrastive,NS_82,0.791690649,5.19
32,contrastive,NS_82,0.938519725,7.68
33,narrow,NS_82,0.816903839,5.56
35,contrastive,NS_82,0.933487288,7.58
36,narrow,NS_82,0.840733235,5.93
37,broad,NS_82,NA,NA
38,broad,NS_82,0.737192643,4.46
39,narrow,NS_82,0.907948522,7.09
41,narrow,NS_82,0.79518459,5.24
42,broad,NS_82,0.662757832,3.6
43,contrastive,NS_82,0.889861721,6.76
44,broad,NS_82,NA,NA
46,broad,NS_82,-0.40654018,-1.55
48,narrow,NS_82,0.994756945,8.88
49,broad,NS_82,NA,NA
50,narrow,NS_82,0.889861721,6.76
51,broad,NS_82,NA,NA
52,contrastive,NS_82,1.006466042,9.15
53,broad,NS_82,0.864511081,6.32
55,narrow,NS_82,0.943988875,7.79
56,narrow,NS_82,0.903632516,7.01
58,contrastive,NS_82,0.989449818,8.76
59,broad,NS_82,0.680335513,3.79
60,broad,NS_82,-0.658964843,-3.56
62,broad,NS_82,-0.658011397,-3.55
63,contrastive,NS_82,0.983175072,8.62
64,contrastive,NS_82,0.915399835,7.23
65,narrow,NS_82,0.908485019,7.1
66,narrow,NS_82,0.876217841,6.52
67,broad,NS_82,NA,NA
68,broad,NS_82,NA,NA
70,contrastive,NS_82,0.80685803,5.41
71,broad,NS_82,NA,NA
73,narrow,NS_82,0.940516485,7.72
74,contrastive,NS_82,1.011993115,9.28
75,broad,NS_82,-0.651278014,-3.48
76,contrastive,NS_82,0.974511693,8.43
78,narrow,NS_82,0.943494516,7.78
79,contrastive,NS_82,1.041392685,10
80,narrow,NS_82,0.976349979,8.47
81,contrastive,NS_82,0.939019776,7.69
82,broad,NS_82,NA,NA
85,narrow,NS_82,0.95616843,8.04
86,contrastive,NS_82,0.887054378,6.71
87,narrow,NS_82,0.959041392,8.1
89,contrastive,NS_82,0.859738566,6.24
90,broad,NS_82,NA,NA
92,contrastive,NS_82,0.915927212,7.24
94,narrow,NS_82,1.116607744,12.08
95,contrastive,NS_82,0.903089987,7
96,broad,NS_82,NA,NA
97,narrow,NS_82,0.950851459,7.93
98,broad,NS_82,NA,NA
18,narrow,NS_97,-0.758911892,-4.74
19,contrastive,NS_97,0.318063335,1.08
20,contrastive,NS_97,0.501059262,2.17
21,narrow,NS_97,-0.752816431,-4.66
22,broad,NS_97,NA,NA
23,narrow,NS_97,-0.718501689,-4.23
24,broad,NS_97,-0.802773725,-5.35
25,contrastive,NS_97,0.517195898,2.29
26,narrow,NS_97,-0.657055853,-3.54
27,broad,NS_97,-0.755874856,-4.7
28,broad,NS_97,-0.546542663,-2.52
30,narrow,NS_97,0.201397124,0.59
31,contrastive,NS_97,-0.621176282,-3.18
34,contrastive,NS_97,0.385606274,1.43
35,broad,NS_97,-0.46834733,-1.94
36,narrow,NS_97,-0.808885867,-5.44
37,broad,NS_97,-0.45484486,-1.85
38,contrastive,NS_97,0.383815366,1.42
39,narrow,NS_97,-0.626340367,-3.23
41,narrow,NS_97,-0.57054294,-2.72
43,narrow,NS_97,-0.803457116,-5.36
44,narrow,NS_97,0.212187604,0.63
45,broad,NS_97,-0.624282096,-3.21
46,broad,NS_97,0.130333768,0.35
47,narrow,NS_97,0.489958479,2.09
48,broad,NS_97,-0.42975228,-1.69
49,contrastive,NS_97,0.117271296,0.31
50,broad,NS_97,-0.303196057,-1.01
52,contrastive,NS_97,-0.506505032,-2.21
53,contrastive,NS_97,-0.503790683,-2.19
55,broad,NS_97,0.06069784,0.15
56,narrow,NS_97,0.318063335,1.08
57,contrastive,NS_97,0.450249108,1.82
59,contrastive,NS_97,0.416640507,1.61
62,contrastive,NS_97,0.414973348,1.6
63,broad,NS_97,-0.44870632,-1.81
65,contrastive,NS_97,0.515873844,2.28
66,narrow,NS_97,0.45331834,1.84
67,contrastive,NS_97,0.382017043,1.41
68,broad,NS_97,0.230448921,0.7
70,broad,NS_97,-0.658964843,-3.56
71,contrastive,NS_97,0.206825876,0.61
72,contrastive,NS_97,0.545307116,2.51
75,broad,NS_97,-0.739572344,-4.49
78,narrow,NS_97,-0.462397998,-1.9
79,narrow,NS_97,0.187520721,0.54
80,contrastive,NS_97,0.444044796,1.78
81,narrow,NS_97,0.326335861,1.12
84,narrow,NS_97,0.475671188,1.99
85,narrow,NS_97,0.421603927,1.64
88,broad,NS_97,0.230448921,0.7
91,contrastive,NS_97,0.278753601,0.9
92,broad,NS_97,0.146128036,0.4
93,contrastive,NS_97,0.579783597,2.8
94,narrow,NS_97,0.344392274,1.21
95,contrastive,NS_97,0.214843848,0.64
96,broad,NS_97,-0.635483747,-3.32
98,broad,NS_97,-0.463892989,-1.91
100,narrow,NS_97,0.361727836,1.3
101,broad,NS_97,-0.541579244,-2.48
19,contrastive,NW_91,0.371067862,1.35
20,narrow,NW_91,0.440909082,1.76
21,contrastive,NW_91,0.346352974,1.22
23,broad,NW_91,-0.46834733,-1.94
25,contrastive,NW_91,0.463892989,1.91
27,contrastive,NW_91,0.037426498,0.09
30,narrow,NW_91,-0.53529412,-2.43
31,narrow,NW_91,0.447158031,1.8
33,broad,NW_91,0.396199347,1.49
34,contrastive,NW_91,0.257678575,0.81
35,broad,NW_91,-0.515873844,-2.28
36,narrow,NW_91,0.320146286,1.09
37,contrastive,NW_91,0.495544338,2.13
38,broad,NW_91,0.250420002,0.78
39,narrow,NW_91,0.421603927,1.64
41,broad,NW_91,-0.613841822,-3.11
42,contrastive,NW_91,-0.526339277,-2.36
45,broad,NW_91,-0.615950052,-3.13
46,narrow,NW_91,NA,NA
47,broad,NW_91,-0.451786436,-1.83
48,narrow,NW_91,-0.650307523,-3.47
52,narrow,NW_91,0.404833717,1.54
53,narrow,NW_91,NA,NA
54,broad,NW_91,-0.651278014,-3.48
55,narrow,NW_91,0.264817823,0.84
57,contrastive,NW_91,0.36361198,1.31
61,contrastive,NW_91,0.72916479,4.36
62,contrastive,NW_91,0.503790683,2.19
65,broad,NW_91,-0.481442629,-2.03
67,narrow,NW_91,-0.539076099,-2.46
68,contrastive,NW_91,0.365487985,1.32
69,broad,NW_91,-0.584331224,-2.84
71,contrastive,NW_91,0.392696953,1.47
72,narrow,NW_91,0.120573931,0.32
74,contrastive,NW_91,0.579783597,2.8
75,narrow,NW_91,0.274157849,0.88
76,broad,NW_91,-0.635483747,-3.32
78,broad,NW_91,-0.491361694,-2.1
79,narrow,NW_91,NA,NA
80,broad,NW_91,-0.451786436,-1.83
81,contrastive,NW_91,0.704150517,4.06
82,narrow,NW_91,0.322219295,1.1
83,broad,NW_91,0.298853076,0.99
84,narrow,NW_91,0.336459734,1.17
87,broad,NW_91,-0.519827994,-2.31
88,contrastive,NW_91,0.418301291,1.62
89,contrastive,NW_91,0.285557309,0.93
90,broad,NW_91,-0.583198774,-2.83
92,narrow,NW_91,-0.553883027,-2.58
93,contrastive,NW_91,0.457881897,1.87
94,contrastive,NW_91,0.424881637,1.66
95,broad,NW_91,0.401400541,1.52
96,broad,NW_91,-0.598790507,-2.97
98,narrow,NW_91,-0.645422269,-3.42
99,broad,NW_91,-0.650307523,-3.47
101,narrow,NW_91,0.460897843,1.89
102,narrow,NW_91,0.311753861,1.05
103,contrastive,NW_91,0.346352974,1.22
105,broad,NW_91,-0.44870632,-1.81
106,contrastive,NW_91,0.559906625,2.63
21,narrow,PS_98,0.675778342,3.74
22,contrastive,PS_98,0.367355921,1.33
24,contrastive,PS_98,0.243038049,0.75
25,narrow,PS_98,0.214843848,0.64
26,contrastive,PS_98,0.214843848,0.64
27,broad,PS_98,0.348304863,1.23
30,narrow,PS_98,0.414973348,1.6
32,narrow,PS_98,-0.498310554,-2.15
34,broad,PS_98,-0.627365857,-3.24
35,broad,PS_98,0.365487985,1.32
37,contrastive,PS_98,0.532754379,2.41
38,contrastive,PS_98,0.559906625,2.63
39,broad,PS_98,0.352182518,1.25
40,contrastive,PS_98,0.401400541,1.52
41,narrow,PS_98,0.447158031,1.8
42,contrastive,PS_98,0.311753861,1.05
44,narrow,PS_98,0.556302501,2.6
45,contrastive,PS_98,0.346352974,1.22
47,narrow,PS_98,-0.614897216,-3.12
52,narrow,PS_98,0.281033367,0.91
53,contrastive,PS_98,0.408239965,1.56
54,narrow,PS_98,0.307496038,1.03
55,broad,PS_98,0.305351369,1.02
56,narrow,PS_98,0.338456494,1.18
57,contrastive,PS_98,0.539076099,2.46
58,broad,PS_98,0.328379603,1.13
60,narrow,PS_98,0.436162647,1.73
61,contrastive,PS_98,0.503790683,2.19
62,broad,PS_98,0.155336037,0.43
64,broad,PS_98,-0.5132176,-2.26
65,narrow,PS_98,0.382017043,1.41
66,broad,PS_98,0.380211242,1.4
67,broad,PS_98,0.42975228,1.69
70,contrastive,PS_98,0.26245109,0.83
71,narrow,PS_98,0.503790683,2.19
72,contrastive,PS_98,0.394451681,1.48
73,broad,PS_98,0.380211242,1.4
75,narrow,PS_98,0.250420002,0.78
78,narrow,PS_98,0.290034611,0.95
79,narrow,PS_98,0.426511261,1.67
80,broad,PS_98,0.369215857,1.34
81,contrastive,PS_98,0.439332694,1.75
82,narrow,PS_98,0.5132176,2.26
83,broad,PS_98,0.45484486,1.85
84,contrastive,PS_98,0.532754379,2.41
85,broad,PS_98,0.292256071,0.96
86,broad,PS_98,0.385606274,1.43
88,contrastive,PS_98,0.691965103,3.92
89,broad,PS_98,0.530199698,2.39
90,broad,PS_98,0.346352974,1.22
91,narrow,PS_98,0.431363764,1.7
92,narrow,PS_98,0.564666064,2.67
94,narrow,PS_98,0.613841822,3.11
97,contrastive,PS_98,0.432969291,1.71
98,broad,PS_98,0.298853076,0.99
99,broad,PS_98,0.372912003,1.36
100,contrastive,PS_98,0.750508395,4.63
102,broad,PS_98,0.424881637,1.66
103,contrastive,PS_98,0.301029996,1
105,contrastive,PS_98,-0.071882007,-0.18
18,broad,SB_92,0.491361694,2.1
19,narrow,SB_92,0.352182518,1.25
20,broad,SB_92,0.550228353,2.55
21,narrow,SB_92,0.58546073,2.85
23,narrow,SB_92,0.394451681,1.48
24,narrow,SB_92,0.53529412,2.43
25,contrastive,SB_92,0.459392488,1.88
26,broad,SB_92,0.511883361,2.25
27,contrastive,SB_92,0.511883361,2.25
28,broad,SB_92,0.477121255,2
30,narrow,SB_92,0.426511261,1.67
31,narrow,SB_92,0.457881897,1.87
33,contrastive,SB_92,0.509202522,2.23
34,broad,SB_92,0.394451681,1.48
35,broad,SB_92,0.439332694,1.75
36,contrastive,SB_92,0.371067862,1.35
37,broad,SB_92,0.481442629,2.03
38,narrow,SB_92,0.496929648,2.14
39,contrastive,SB_92,0.64738297,3.44
40,contrastive,SB_92,0.478566496,2.01
42,broad,SB_92,0.444044796,1.78
43,narrow,SB_92,0.338456494,1.18
46,broad,SB_92,0.255272505,0.8
47,broad,SB_92,0.204119983,0.6
48,narrow,SB_92,0.008600172,0.02
50,contrastive,SB_92,0.374748346,1.37
53,broad,SB_92,0.003891166,0.009
55,broad,SB_92,0.385606274,1.43
56,narrow,SB_92,0.509202522,2.23
58,contrastive,SB_92,0.5774918,2.78
59,narrow,SB_92,0.451786436,1.83
60,broad,SB_92,0.399673721,1.51
61,contrastive,SB_92,0.59439255,2.93
62,contrastive,SB_92,0.380211242,1.4
63,narrow,SB_92,0.503790683,2.19
64,contrastive,SB_92,0.514547753,2.27
67,contrastive,SB_92,0.603144373,3.01
70,broad,SB_92,0.481442629,2.03
71,contrastive,SB_92,0.46834733,1.94
72,narrow,SB_92,0.465382851,1.92
73,contrastive,SB_92,0.56937391,2.71
75,narrow,SB_92,0.50242712,2.18
77,narrow,SB_92,0.257678575,0.81
78,narrow,SB_92,0.45484486,1.85
82,broad,SB_92,0.5774918,2.78
83,broad,SB_92,0.445604203,1.79
85,contrastive,SB_92,0.598790507,2.97
86,narrow,SB_92,0.394451681,1.48
87,broad,SB_92,0.474216264,1.98
91,broad,SB_92,0.450249108,1.82
93,narrow,SB_92,0.309630167,1.04
95,narrow,SB_92,0.320146286,1.09
96,broad,SB_92,0.40654018,1.55
97,contrastive,SB_92,0.404833717,1.54
102,broad,SB_92,0.318063335,1.08
103,narrow,SB_92,0.515873844,2.28
104,contrastive,SB_92,0.372912003,1.36
106,contrastive,SB_92,0.498310554,2.15
19,broad,ST_88,-0.527629901,-2.37
20,narrow,ST_88,0.552668216,2.57
21,broad,ST_88,-0.611723308,-3.09
22,narrow,ST_88,-0.588831726,-2.88
24,narrow,ST_88,-0.439332694,-1.75
25,contrastive,ST_88,0.369215857,1.34
28,contrastive,ST_88,0.434568904,1.72
29,broad,ST_88,0.328379603,1.13
31,narrow,ST_88,-0.315970345,-1.07
33,narrow,ST_88,NA,NA
36,contrastive,ST_88,0.29666519,0.98
37,contrastive,ST_88,0.346352974,1.22
38,broad,ST_88,-0.630427875,-3.27
40,contrastive,ST_88,0.322219295,1.1
41,narrow,ST_88,-0.6599162,-3.57
42,contrastive,ST_88,0.537819095,2.45
43,broad,ST_88,0.64246452,3.39
44,contrastive,ST_88,0.499687083,2.16
46,contrastive,ST_88,0.480006943,2.02
48,contrastive,ST_88,0.320146286,1.09
51,broad,ST_88,-0.720159303,-4.25
52,contrastive,ST_88,0.58546073,2.85
53,broad,ST_88,0.374748346,1.37
54,broad,ST_88,-0.445604203,-1.79
55,narrow,ST_88,0.462397998,1.9
57,broad,ST_88,-0.619093331,-3.16
59,contrastive,ST_88,0.387389826,1.44
60,contrastive,ST_88,0.382017043,1.41
61,broad,ST_88,0.365487985,1.32
62,narrow,ST_88,-0.408239965,-1.56
64,contrastive,ST_88,NA,NA
65,contrastive,ST_88,0.625312451,3.22
66,broad,ST_88,0.328379603,1.13
67,contrastive,ST_88,0.484299839,2.05
68,narrow,ST_88,0.485721426,2.06
69,narrow,ST_88,0.209515015,0.62
70,broad,ST_88,0.29666519,0.98
71,broad,ST_88,0.354108439,1.26
72,narrow,ST_88,0.267171728,0.85
75,narrow,ST_88,0.245512668,0.76
76,contrastive,ST_88,0.401400541,1.52
77,broad,ST_88,-0.460897843,-1.89
78,narrow,ST_88,0.352182518,1.25
79,broad,ST_88,-0.644438589,-3.41
80,narrow,ST_88,0.324282455,1.11
81,narrow,ST_88,0.40654018,1.55
82,broad,ST_88,-0.530199698,-2.39
83,contrastive,ST_88,0.611723308,3.09
84,narrow,ST_88,0.434568904,1.72
85,contrastive,ST_88,0.523746467,2.34
86,broad,ST_88,0.23299611,0.71
87,narrow,ST_88,0.485721426,2.06
89,narrow,ST_88,0.136720567,0.37
92,broad,ST_88,-0.617000341,-3.14
93,narrow,ST_88,-0.397940009,-1.5
94,contrastive,ST_88,0.442479769,1.77
96,contrastive,ST_88,-0.408239965,-1.56
98,broad,ST_88,0.534026106,2.42
100,narrow,ST_88,0.389166084,1.45
19,narrow,AH_95,0.787460475,5.13
21,broad,AH_95,0.699837726,4.01
22,contrastive,AH_95,0.957128198,8.06
23,broad,AH_95,-0.678518379,-3.77
24,contrastive,AH_95,0.920645001,7.33
25,narrow,AH_95,0.666517981,3.64
26,broad,AH_95,-0.527629901,-2.37
27,broad,AH_95,0.472756449,1.97
28,contrastive,AH_95,0.849419414,6.07
30,broad,AH_95,-0.5289167,-2.38
33,narrow,AH_95,0.655138435,3.52
34,narrow,AH_95,0.7084209,4.11
35,contrastive,AH_95,0.721810615,4.27
36,narrow,AH_95,0.80140371,5.33
38,contrastive,AH_95,0.816903839,5.56
39,broad,AH_95,0.44870632,1.81
40,narrow,AH_95,0.758911892,4.74
41,narrow,AH_95,0.619093331,3.16
42,contrastive,AH_95,0.715167358,4.19
43,contrastive,AH_95,0.694605199,3.95
44,broad,AH_95,0.788168371,5.14
45,contrastive,AH_95,0.725094521,4.31
46,broad,AH_95,0.620136055,3.17
47,contrastive,AH_95,0.67669361,3.75
50,contrastive,AH_95,0.806179974,5.4
51,narrow,AH_95,0.831869774,5.79
52,contrastive,AH_95,0.970346876,8.34
53,broad,AH_95,-0.617000341,-3.14
55,broad,AH_95,-0.344392274,-1.21
56,narrow,AH_95,0.589949601,2.89
58,narrow,AH_95,0.59439255,2.93
59,narrow,AH_95,0.611723308,3.09
60,contrastive,AH_95,0.491361694,2.1
61,broad,AH_95,-0.681241237,-3.8
63,narrow,AH_95,0.630427875,3.27
64,contrastive,AH_95,0.832508913,5.8
65,broad,AH_95,0.51054501,2.24
66,narrow,AH_95,0.559906625,2.63
67,broad,AH_95,0.495544338,2.13
69,narrow,AH_95,0.40654018,1.55
70,broad,AH_95,-0.835690571,-5.85
72,contrastive,AH_95,0.942504106,7.76
74,narrow,AH_95,0.630427875,3.27
75,contrastive,AH_95,0.963787827,8.2
76,broad,AH_95,0.51054501,2.24
78,narrow,AH_95,0.770115295,4.89
79,narrow,AH_95,0.694605199,3.95
80,broad,AH_95,0.57863921,2.79
82,broad,AH_95,0.42975228,1.69
83,broad,AH_95,0.639486489,3.36
84,contrastive,AH_95,1.014520539,9.34
87,contrastive,AH_95,0.716837723,4.21
89,broad,AH_95,0.28780173,0.94
90,contrastive,AH_95,0.974511693,8.43
91,narrow,AH_95,0.565847819,2.68
92,narrow,AH_95,0.553883027,2.58
94,narrow,AH_95,0.496929648,2.14
96,contrastive,AH_95,0.793790385,5.22
97,contrastive,AH_95,0.761175813,4.77
98,broad,AH_95,0.523746467,2.34
19,contrastive,AK_94,0.57863921,2.79
20,broad,AK_94,-0.338456494,-1.18
21,contrastive,AK_94,0.64246452,3.39
22,narrow,AK_94,0.387389826,1.44
23,narrow,AK_94,-0.06069784,-0.15
24,contrastive,AK_94,0.344392274,1.21
25,narrow,AK_94,0.245512668,0.76
26,contrastive,AK_94,0.46834733,1.94
27,broad,AK_94,-0.369215857,-1.34
28,contrastive,AK_94,0.227886705,0.69
29,broad,AK_94,-0.53529412,-2.43
30,narrow,AK_94,-0.392696953,-1.47
31,contrastive,AK_94,0.45484486,1.85
32,broad,AK_94,0.252853031,0.79
33,contrastive,AK_94,-0.514547753,-2.27
34,broad,AK_94,-0.324282455,-1.11
35,contrastive,AK_94,-0.568201724,-2.7
36,contrastive,AK_94,0.62324929,3.2
37,broad,AK_94,-0.481442629,-2.03
39,broad,AK_94,0.484299839,2.05
42,narrow,AK_94,-0.558708571,-2.62
43,contrastive,AK_94,-0.480006943,-2.02
44,narrow,AK_94,-0.432969291,-1.71
45,narrow,AK_94,-0.482873584,-2.04
46,contrastive,AK_94,-0.729974286,-4.37
47,contrastive,AK_94,0.324282455,1.11
48,broad,AK_94,-0.602059991,-3
49,narrow,AK_94,-0.492760389,-2.11
52,broad,AK_94,-0.340444115,-1.19
55,broad,AK_94,-0.10720997,-0.28
56,narrow,AK_94,0.378397901,1.39
58,broad,AK_94,-0.536558443,-2.44
59,broad,AK_94,-0.315970345,-1.07
60,narrow,AK_94,-0.359835482,-1.29
62,narrow,AK_94,-0.187520721,-0.54
65,broad,AK_94,-0.238046103,-0.73
66,broad,AK_94,-0.689308859,-3.89
69,narrow,AK_94,-0.243038049,-0.75
71,contrastive,AK_94,0.389166084,1.45
72,broad,AK_94,0.071882007,0.18
73,broad,AK_94,-0.499687083,-2.16
75,narrow,AK_94,0.397940009,1.5
77,contrastive,AK_94,0.572871602,2.74
79,contrastive,AK_94,0.670245853,3.68
80,narrow,AK_94,0.478566496,2.01
81,broad,AK_94,-0.635483747,-3.32
82,narrow,AK_94,-0.639486489,-3.36
84,contrastive,AK_94,0.705007959,4.07
86,narrow,AK_94,0.394451681,1.48
87,contrastive,AK_94,0.707570176,4.1
89,narrow,AK_94,-0.584331224,-2.84
90,contrastive,AK_94,0.620136055,3.17
92,broad,AK_94,-0.462397998,-1.9
94,narrow,AK_94,0.496929648,2.14
95,contrastive,AK_94,0.365487985,1.32
96,narrow,AK_94,0.292256071,0.96
98,broad,AK_94,-0.544068044,-2.5
99,contrastive,AK_94,0.644438589,3.41
100,narrow,AK_94,-0.10720997,-0.28
101,broad,AK_94,0.426511261,1.67
17,contrastive,BP_91,0.744292983,4.55
18,broad,BP_91,-0.636487896,-3.33
19,narrow,BP_91,-0.564666064,-2.67
21,narrow,BP_91,-0.530199698,-2.39
23,contrastive,BP_91,0.683947131,3.83
24,broad,BP_91,-0.334453751,-1.16
25,narrow,BP_91,0.23299611,0.71
26,contrastive,BP_91,0.964730921,8.22
28,broad,BP_91,-0.706717782,-4.09
29,contrastive,BP_91,0.812244697,5.49
41,broad,BP_91,-0.835690571,-5.85
43,contrastive,BP_91,0.692846919,3.93
44,narrow,BP_91,-0.158362492,-0.44
46,contrastive,BP_91,0.821513528,5.63
48,broad,BP_91,-0.706717782,-4.09
49,narrow,BP_91,-0.404833717,-1.54
50,contrastive,BP_91,0.710963119,4.14
54,broad,BP_91,-0.879669206,-6.58
55,contrastive,BP_91,0.823474229,5.66
57,broad,BP_91,-0.884795364,-6.67
58,narrow,BP_91,0.584331224,2.84
60,contrastive,BP_91,0.794488047,5.23
61,contrastive,BP_91,0.646403726,3.43
62,narrow,BP_91,-0.367355921,-1.33
63,contrastive,BP_91,0.561101384,2.64
64,contrastive,BP_91,0.595496222,2.94
65,broad,BP_91,-0.652246341,-3.49
67,broad,BP_91,-0.717670503,-4.22
68,narrow,BP_91,0.698970004,4
69,narrow,BP_91,0.440909082,1.76
71,broad,BP_91,-0.902002891,-6.98
72,contrastive,BP_91,0.827369273,5.72
73,contrastive,BP_91,0.853698212,6.14
76,narrow,BP_91,-0.431363764,-1.7
77,broad,BP_91,-0.812244697,-5.49
78,contrastive,BP_91,0.706717782,4.09
79,broad,BP_91,-0.557507202,-2.61
80,contrastive,BP_91,0.822821645,5.65
81,narrow,BP_91,-0.5774918,-2.78
82,broad,BP_91,-0.198657087,-0.58
83,narrow,BP_91,-0.217483944,-0.65
86,narrow,BP_91,0.28780173,0.94
87,broad,BP_91,-0.53529412,-2.43
88,narrow,BP_91,0.414973348,1.6
89,broad,BP_91,-0.670245853,-3.68
90,narrow,BP_91,0.359835482,1.29
92,contrastive,BP_91,0.771587481,4.91
96,broad,BP_91,-0.780317312,-5.03
97,contrastive,BP_91,0.771587481,4.91
99,narrow,BP_91,0.320146286,1.09
100,contrastive,BP_91,0.825426118,5.69
101,broad,BP_91,-0.744292983,-4.55
102,narrow,BP_91,0.450249108,1.82
103,broad,BP_91,-0.711807229,-4.15
104,broad,BP_91,-0.64738297,-3.44
105,contrastive,BP_91,0.850033258,6.08
108,narrow,BP_91,-0.723455672,-4.29
109,narrow,BP_91,-0.718501689,-4.23
110,broad,BP_91,-0.692846919,-3.93
112,narrow,BP_91,-0.748962861,-4.61
20,narrow,DB_95,0.707570176,4.1
22,contrastive,DB_95,0.939519253,7.7
23,broad,DB_95,0.582063363,2.82
24,broad,DB_95,0.487138375,2.07
25,contrastive,DB_95,0.85308953,6.13
26,narrow,DB_95,0.677606953,3.76
27,broad,DB_95,0.716003344,4.2
29,narrow,DB_95,0.484299839,2.05
30,broad,DB_95,0.661812686,3.59
31,contrastive,DB_95,0.69019608,3.9
33,contrastive,DB_95,0.556302501,2.6
35,broad,DB_95,0.673020907,3.71
36,narrow,DB_95,0.741151599,4.51
38,contrastive,DB_95,0.751279104,4.64
39,contrastive,DB_95,0.8162413,5.55
40,narrow,DB_95,0.549003262,2.54
42,contrastive,DB_95,0.802773725,5.35
43,narrow,DB_95,0.72916479,4.36
44,broad,DB_95,0.431363764,1.7
45,broad,DB_95,0.697229343,3.98
46,contrastive,DB_95,0.818225894,5.58
47,narrow,DB_95,0.787460475,5.13
48,broad,DB_95,0.356025857,1.27
49,contrastive,DB_95,0.968482949,8.3
51,contrastive,DB_95,0.914871818,7.22
52,narrow,DB_95,0.787460475,5.13
53,contrastive,DB_95,0.897077003,6.89
54,broad,DB_95,0.369215857,1.34
55,narrow,DB_95,0.683947131,3.83
57,narrow,DB_95,0.610660163,3.08
59,contrastive,DB_95,0.840106094,5.92
60,contrastive,DB_95,0.725911632,4.32
61,broad,DB_95,0.564666064,2.67
62,narrow,DB_95,0.571708832,2.73
63,contrastive,DB_95,0.791690649,5.19
65,narrow,DB_95,0.267171728,0.85
68,narrow,DB_95,0.760422483,4.76
69,broad,DB_95,0.530199698,2.39
70,contrastive,DB_95,0.698100546,3.99
71,contrastive,DB_95,0.833784375,5.82
72,broad,DB_95,0.617000341,3.14
74,narrow,DB_95,0.802089258,5.34
75,broad,DB_95,0.821513528,5.63
76,narrow,DB_95,0.709269961,4.12
78,contrastive,DB_95,0.679427897,3.78
79,broad,DB_95,0.710117365,4.13
80,broad,DB_95,0.736396502,4.45
81,narrow,DB_95,0.72427587,4.3
82,narrow,DB_95,0.745855195,4.57
83,broad,DB_95,0.754348336,4.68
86,narrow,DB_95,0.844477176,5.99
88,contrastive,DB_95,0.709269961,4.12
91,broad,DB_95,0.597695186,2.96
92,contrastive,DB_95,0.872156273,6.45
93,narrow,DB_95,-0.33243846,-1.15
94,broad,DB_95,0.744292983,4.55
95,broad,DB_95,0.689308859,3.89
96,narrow,DB_95,0.693726949,3.94
98,broad,DB_95,0.770115295,4.89
99,contrastive,DB_95,0.766412847,4.84
19,broad,HH_96,0.100370545,0.26
20,contrastive,HH_96,0.301029996,1
21,contrastive,HH_96,0.436162647,1.73
22,narrow,HH_96,-0.580924976,-2.81
23,broad,HH_96,-0.344392274,-1.21
25,broad,HH_96,0.222716471,0.67
27,broad,HH_96,0.424881637,1.66
28,broad,HH_96,0.418301291,1.62
29,narrow,HH_96,0.549003262,2.54
32,narrow,HH_96,0.540329475,2.47
33,contrastive,HH_96,0.225309282,0.68
35,narrow,HH_96,0.376576957,1.38
37,broad,HH_96,0.408239965,1.56
38,broad,HH_96,0.240549248,0.74
39,contrastive,HH_96,0.350248018,1.24
40,narrow,HH_96,0.369215857,1.34
41,broad,HH_96,0.539076099,2.46
42,narrow,HH_96,0.499687083,2.16
43,broad,HH_96,0.283301229,0.92
44,contrastive,HH_96,0.530199698,2.39
45,narrow,HH_96,0.492760389,2.11
46,narrow,HH_96,0.328379603,1.13
47,broad,HH_96,0.496929648,2.14
50,narrow,HH_96,0.397940009,1.5
51,narrow,HH_96,0.631443769,3.28
52,contrastive,HH_96,0.451786436,1.83
54,narrow,HH_96,0.460897843,1.89
55,contrastive,HH_96,0.648360011,3.45
56,narrow,HH_96,0.562292864,2.65
59,narrow,HH_96,0.584331224,2.84
60,contrastive,HH_96,0.624282096,3.21
61,contrastive,HH_96,0.462397998,1.9
62,narrow,HH_96,0.478566496,2.01
63,contrastive,HH_96,0.555094449,2.59
64,broad,HH_96,0.382017043,1.41
65,contrastive,HH_96,0.763427994,4.8
67,contrastive,HH_96,0.57863921,2.79
68,narrow,HH_96,0.579783597,2.8
69,broad,HH_96,-0.217483944,-0.65
70,narrow,HH_96,0.451786436,1.83
71,broad,HH_96,-0.389166084,-1.45
72,narrow,HH_96,0.352182518,1.25
73,contrastive,HH_96,0.494154594,2.12
74,narrow,HH_96,0.465382851,1.92
75,contrastive,HH_96,0.582063363,2.82
77,broad,HH_96,0.442479769,1.77
78,contrastive,HH_96,0.462397998,1.9
79,broad,HH_96,-0.503790683,-2.19
80,contrastive,HH_96,0.484299839,2.05
82,contrastive,HH_96,0.369215857,1.34
85,contrastive,HH_96,0.414973348,1.6
86,contrastive,HH_96,0.519827994,2.31
87,broad,HH_96,0.346352974,1.22
88,broad,HH_96,0.501059262,2.17
90,contrastive,HH_96,0.515873844,2.28
91,broad,HH_96,0.390935107,1.46
92,narrow,HH_96,0.474216264,1.98
93,broad,HH_96,0.434568904,1.72
95,broad,HH_96,0.413299764,1.59
96,narrow,HH_96,0.521138084,2.32
18,broad,LS_85,0.167317335,0.47
19,contrastive,LS_85,NA,NA
20,contrastive,LS_85,0.850033258,6.08
21,narrow,LS_85,0.173186268,0.49
23,narrow,LS_85,0.745855195,4.57
24,contrastive,LS_85,0.544068044,2.5
26,narrow,LS_85,-0.640481437,-3.37
28,broad,LS_85,0.414973348,1.6
29,broad,LS_85,0.399673721,1.51
31,narrow,LS_85,0.745074792,4.56
32,broad,LS_85,0.847572659,6.04
33,narrow,LS_85,0.583198774,2.83
34,contrastive,LS_85,0.757396029,4.72
36,broad,LS_85,-0.330413773,-1.14
37,contrastive,LS_85,0.92992956,7.51
40,narrow,LS_85,0.507855872,2.22
42,broad,LS_85,0.719331287,4.24
43,narrow,LS_85,0.989894564,8.77
44,narrow,LS_85,0.509202522,2.23
45,broad,LS_85,0.873320602,6.47
46,contrastive,LS_85,0.836324116,5.86
47,contrastive,LS_85,0.822821645,5.65
49,narrow,LS_85,0.661812686,3.59
50,broad,LS_85,0.7084209,4.11
51,contrastive,LS_85,0.853698212,6.14
52,narrow,LS_85,0.597695186,2.96
53,contrastive,LS_85,0.967079734,8.27
54,broad,LS_85,-0.481442629,-2.03
55,broad,LS_85,0.736396502,4.45
56,contrastive,LS_85,0.737192643,4.46
57,contrastive,LS_85,0.73479983,4.43
58,narrow,LS_85,0.824776462,5.68
59,contrastive,LS_85,0.927370363,7.46
60,narrow,LS_85,0.599883072,2.98
61,broad,LS_85,0.726727209,4.33
62,narrow,LS_85,0.559906625,2.63
63,contrastive,LS_85,0.896526217,6.88
64,contrastive,LS_85,0.698970004,4
66,narrow,LS_85,0.765668555,4.83
67,contrastive,LS_85,0.811575006,5.48
68,broad,LS_85,0.72427587,4.3
70,narrow,LS_85,0.678518379,3.77
72,contrastive,LS_85,0.745855195,4.57
74,narrow,LS_85,0.664641976,3.62
75,narrow,LS_85,0.866877814,6.36
76,broad,LS_85,-0.737192643,-4.46
77,broad,LS_85,0.713490543,4.17
80,contrastive,LS_85,0.848804701,6.06
81,broad,LS_85,0.547774705,2.53
82,narrow,LS_85,0.90579588,7.05
83,broad,LS_85,0.820201459,5.61
86,contrastive,LS_85,0.845718018,6.01
87,broad,LS_85,-0.675778342,-3.74
88,contrastive,LS_85,0.931966115,7.55
89,broad,LS_85,-0.346352974,-1.22
90,contrastive,LS_85,0.999565488,8.99
91,broad,LS_85,0.718501689,4.23
93,narrow,LS_85,0.864511081,6.32
95,broad,LS_85,0.783903579,5.08
96,narrow,LS_85,0.72916479,4.36
19,narrow,LS_94,0.614897216,3.12
21,broad,LS_94,0.10720997,0.28
22,broad,LS_94,0.399673721,1.51
24,broad,LS_94,0.29666519,0.98
25,contrastive,LS_94,NA,NA
26,contrastive,LS_94,0.638489257,3.35
27,narrow,LS_94,0.487138375,2.07
29,narrow,LS_94,0.367355921,1.33
30,narrow,LS_94,0.432969291,1.71
32,contrastive,LS_94,0.620136055,3.17
33,contrastive,LS_94,0.567026366,2.69
34,narrow,LS_94,0.593286067,2.92
35,narrow,LS_94,0.606381365,3.04
36,contrastive,LS_94,0.447158031,1.8
37,narrow,LS_94,0.437750563,1.74
39,narrow,LS_94,0.606381365,3.04
42,broad,LS_94,0.456366033,1.86
44,narrow,LS_94,0.371067862,1.35
45,contrastive,LS_94,0.334453751,1.16
46,narrow,LS_94,-0.201397124,-0.59
47,contrastive,LS_94,0.654176542,3.51
48,contrastive,LS_94,0.557507202,2.61
50,narrow,LS_94,0.51851394,2.3
52,broad,LS_94,-0.322219295,-1.1
53,contrastive,LS_94,0.840733235,5.93
54,contrastive,LS_94,0.501059262,2.17
55,broad,LS_94,-0.340444115,-1.19
56,broad,LS_94,0.519827994,2.31
57,contrastive,LS_94,0.583198774,2.83
58,broad,LS_94,NA,NA
60,broad,LS_94,-0.220108088,-0.66
61,narrow,LS_94,0.698970004,4
62,broad,LS_94,0.136720567,0.37
63,contrastive,LS_94,0.656098202,3.53
64,contrastive,LS_94,NA,NA
65,narrow,LS_94,0.437750563,1.74
66,narrow,LS_94,0.498310554,2.15
68,broad,LS_94,0.622214023,3.19
70,contrastive,LS_94,0.648360011,3.45
71,narrow,LS_94,0.372912003,1.36
72,contrastive,LS_94,0.682145076,3.81
73,narrow,LS_94,0.760422483,4.76
75,contrastive,LS_94,0.587710965,2.87
78,broad,LS_94,0.356025857,1.27
79,narrow,LS_94,0.494154594,2.12
81,narrow,LS_94,0.564666064,2.67
82,narrow,LS_94,0.541579244,2.48
83,broad,LS_94,0.31386722,1.06
85,broad,LS_94,0.517195898,2.29
86,contrastive,LS_94,0.565847819,2.68
88,broad,LS_94,0.593286067,2.92
89,broad,LS_94,NA,NA
91,contrastive,LS_94,0.546542663,2.52
92,contrastive,LS_94,NA,NA
93,broad,LS_94,0.478566496,2.01
95,broad,LS_94,-0.367355921,-1.33
97,broad,LS_94,0.530199698,2.39
98,contrastive,LS_94,0.669316881,3.67
100,narrow,LS_94,0.371067862,1.35
101,broad,LS_94,0.068185862,0.17
18,broad,MK_95,0.424881637,1.66
19,contrastive,MK_95,0.599883072,2.98
22,contrastive,MK_95,0.522444234,2.33
23,narrow,MK_95,-0.620136055,-3.17
24,contrastive,MK_95,0.683047038,3.82
25,broad,MK_95,-0.459392488,-1.88
28,contrastive,MK_95,0.580924976,2.81
29,broad,MK_95,-0.730782276,-4.38
30,narrow,MK_95,0.394451681,1.48
31,contrastive,MK_95,0.361727836,1.3
33,contrastive,MK_95,0.604226053,3.02
34,broad,MK_95,-0.51054501,-2.24
35,contrastive,MK_95,0.693726949,3.94
36,broad,MK_95,-0.608526034,-3.06
37,contrastive,MK_95,0.484299839,2.05
38,broad,MK_95,-0.482873584,-2.04
39,narrow,MK_95,0.523746467,2.34
40,broad,MK_95,-0.431363764,-1.7
43,narrow,MK_95,0.227886705,0.69
45,broad,MK_95,0.283301229,0.92
47,contrastive,MK_95,0.547774705,2.53
48,contrastive,MK_95,0.614897216,3.12
50,contrastive,MK_95,0.514547753,2.27
51,narrow,MK_95,-0.689308859,-3.89
54,narrow,MK_95,-0.635483747,-3.32
55,broad,MK_95,-0.487138375,-2.07
56,narrow,MK_95,0.640481437,3.37
57,narrow,MK_95,0.371067862,1.35
60,narrow,MK_95,0.457881897,1.87
62,broad,MK_95,-0.635483747,-3.32
63,contrastive,MK_95,0.765668555,4.83
64,broad,MK_95,-0.456366033,-1.86
65,contrastive,MK_95,0.562292864,2.65
66,narrow,MK_95,-0.684845362,-3.84
68,narrow,MK_95,-0.485721426,-2.06
69,broad,MK_95,0.51054501,2.24
70,contrastive,MK_95,0.389166084,1.45
71,narrow,MK_95,-0.675778342,-3.74
72,narrow,MK_95,0.665580991,3.63
74,contrastive,MK_95,0.436162647,1.73
75,narrow,MK_95,0.184691431,0.53
76,broad,MK_95,-0.537819095,-2.45
78,broad,MK_95,-0.741151599,-4.51
80,contrastive,MK_95,0.655138435,3.52
81,contrastive,MK_95,0.653212514,3.5
82,narrow,MK_95,-0.557507202,-2.61
83,broad,MK_95,-0.705007959,-4.07
84,broad,MK_95,0.58546073,2.85
85,narrow,MK_95,0.57054294,2.72
86,contrastive,MK_95,0.730782276,4.38
88,broad,MK_95,0.673941999,3.72
89,contrastive,MK_95,0.58546073,2.85
90,broad,MK_95,-0.532754379,-2.41
91,narrow,MK_95,0.51054501,2.24
93,narrow,MK_95,-0.348304863,-1.23
94,broad,MK_95,-0.457881897,-1.87
96,narrow,MK_95,-0.428134794,-1.68
97,narrow,MK_95,NA,NA
98,broad,MK_95,-0.705007959,-4.07
18,contrastive,MO_96,0.615950052,3.13
19,broad,MO_96,0.938519725,7.68
20,broad,MO_96,0.710963119,4.14
21,narrow,MO_96,0.610660163,3.08
22,narrow,MO_96,0.589949601,2.89
23,contrastive,MO_96,0.739572344,4.49
25,narrow,MO_96,0.685741739,3.85
26,contrastive,MO_96,0.684845362,3.84
27,contrastive,MO_96,0.723455672,4.29
29,narrow,MO_96,0.80685803,5.41
30,narrow,MO_96,0.7355989,4.44
31,contrastive,MO_96,0.621176282,3.18
33,contrastive,MO_96,0.762678564,4.79
35,narrow,MO_96,0.796574333,5.26
36,broad,MO_96,NA,NA
38,broad,MO_96,0.658011397,3.55
39,contrastive,MO_96,0.739572344,4.49
40,broad,MO_96,0.611723308,3.09
41,contrastive,MO_96,0.899820502,6.94
42,broad,MO_96,NA,NA
43,narrow,MO_96,0.755112266,4.69
46,broad,MO_96,NA,NA
47,narrow,MO_96,0.798650645,5.29
49,narrow,MO_96,0.761175813,4.77
51,contrastive,MO_96,0.702430536,4.04
53,narrow,MO_96,0.781036939,5.04
54,broad,MO_96,0.380211242,1.4
55,narrow,MO_96,0.741939078,4.52
60,broad,MO_96,0.646403726,3.43
62,contrastive,MO_96,0.716003344,4.2
63,narrow,MO_96,0.769377326,4.88
64,contrastive,MO_96,0.645422269,3.42
65,broad,MO_96,0.646403726,3.43
66,contrastive,MO_96,0.653212514,3.5
67,broad,MO_96,0.5774918,2.78
68,narrow,MO_96,0.684845362,3.84
69,broad,MO_96,0.477121255,2
70,narrow,MO_96,0.671172843,3.69
71,contrastive,MO_96,0.764922985,4.82
72,broad,MO_96,0.683047038,3.82
73,contrastive,MO_96,0.501059262,2.17
74,narrow,MO_96,0.523746467,2.34
75,broad,MO_96,0.372912003,1.36
76,broad,MO_96,0.703291378,4.05
77,contrastive,MO_96,0.775974331,4.97
79,broad,MO_96,0.650307523,3.47
80,contrastive,MO_96,0.768638101,4.87
81,narrow,MO_96,0.608526034,3.06
82,narrow,MO_96,0.7930916,5.21
85,contrastive,MO_96,0.783188691,5.07
86,broad,MO_96,0.567026366,2.69
87,contrastive,MO_96,0.748188027,4.6
89,broad,MO_96,0.725911632,4.32
91,contrastive,MO_96,0.838849091,5.9
92,broad,MO_96,0.7355989,4.44
94,narrow,MO_96,0.673941999,3.72
95,narrow,MO_96,0.689308859,3.89
97,narrow,MO_96,0.675778342,3.74
98,contrastive,MO_96,0.721810615,4.27
100,broad,MO_96,0.630427875,3.27
17,narrow,TS_97,-0.397940009,-1.5
19,narrow,TS_97,-0.361727836,-1.3
20,broad,TS_97,0.656098202,3.53
21,narrow,TS_97,0.678518379,3.77
22,narrow,TS_97,0.755874856,4.7
23,broad,TS_97,0.788168371,5.14
24,narrow,TS_97,0.56937391,2.71
26,broad,TS_97,-0.597695186,-2.96
29,narrow,TS_97,0.990338855,8.78
30,broad,TS_97,0.664641976,3.62
32,contrastive,TS_97,1.09482038,11.44
33,contrastive,TS_97,1.05804623,10.43
34,narrow,TS_97,0.820201459,5.61
36,broad,TS_97,-0.793790385,-5.22
37,narrow,TS_97,-0.921686475,-7.35
39,contrastive,TS_97,1.172602931,13.88
41,narrow,TS_97,0.73479983,4.43
43,broad,TS_97,-0.597695186,-2.96
45,broad,TS_97,-0.67669361,-3.75
47,contrastive,TS_97,1.02201574,9.52
48,broad,TS_97,-0.722633923,-4.28
49,narrow,TS_97,0.372912003,1.36
50,contrastive,TS_97,0.872156273,6.45
52,contrastive,TS_97,1.110252917,11.89
53,contrastive,TS_97,1.033423755,9.8
54,broad,TS_97,0.482873584,2.04
55,narrow,TS_97,0.472756449,1.97
56,narrow,TS_97,0.681241237,3.8
59,narrow,TS_97,0.908485019,7.1
60,contrastive,TS_97,0.962842681,8.18
61,narrow,TS_97,1.035829825,9.86
62,contrastive,TS_97,1.019946682,9.47
63,broad,TS_97,-0.62324929,-3.2
64,contrastive,TS_97,1.094471129,11.43
66,contrastive,TS_97,NA,NA
67,contrastive,TS_97,0.918554531,7.29
69,contrastive,TS_97,0.371067862,1.35
70,broad,TS_97,-0.389166084,-1.45
72,contrastive,TS_97,0.992995098,8.84
73,broad,TS_97,0.678518379,3.77
74,broad,TS_97,-0.620136055,-3.17
75,narrow,TS_97,1.078456818,10.98
77,narrow,TS_97,0.858537198,6.22
78,contrastive,TS_97,1.172894698,13.89
80,broad,TS_97,0.639486489,3.36
81,contrastive,TS_97,0.804139432,5.37
83,narrow,TS_97,0.58546073,2.85
84,broad,TS_97,0.7355989,4.44
85,narrow,TS_97,0.678518379,3.77
86,narrow,TS_97,0.873320602,6.47
89,broad,TS_97,0.372912003,1.36
92,contrastive,TS_97,1.044147621,10.07
93,broad,TS_97,-0.220108088,-0.66
94,broad,TS_97,-0.813580989,-5.51
95,contrastive,TS_97,0.710963119,4.14
97,contrastive,TS_97,1.137986733,12.74
99,broad,TS_97,0.81756537,5.57
100,contrastive,TS_97,0.980911938,8.57
101,broad,TS_97,-0.640481437,-3.37
102,narrow,TS_97,1.079904468,11.02
